algorithm,accuracy,macro_precision,macro_recall,macro_f1
Linear SVM,0.8810696692470091,0.8967596818779893,0.8945128044683198,0.8934928238817298
Random Forest,0.8768472906403941,0.8991314803089203,0.8853621943598599,0.8866533780735967
Logistic Regression,0.8705137227304715,0.8893924864611522,0.8790688965066508,0.8796690359851704
Multinomial Naive Bayes,0.8057705840957072,0.8447620828237739,0.7974966839133348,0.8042167001345064
