{
    "accuracy": 0.767,
    "macro_precision": 0.8745158328894389,
    "macro_recall": 0.7100971522537771,
    "macro_f1": 0.7452402680844116,
    "weighted_precision": 0.8124683146099118,
    "weighted_recall": 0.767,
    "weighted_f1": 0.7445300022511674,
    "total_test_data": 1000,
    "total_classes": 10
}