{
    "best_algorithm": "Logistic Regression",
    "accuracy": 0.8705137227304715,
    "macro_precision": 0.8893924864611522,
    "macro_recall": 0.8790688965066508,
    "macro_f1": 0.8796690359851704,
    "weighted_precision": 0.8713902094186649,
    "weighted_recall": 0.8705137227304715,
    "weighted_f1": 0.8668062449658349,
    "total_test_data": 1421,
    "total_classes": 20
}